-- 사용자 1
INSERT INTO users (user_id, password, name, age, gender, is_admin)
VALUES
    ('admin@admin.com', 'admin', '관리자', '42', 'MALE', 'true'),
    ('test@test.com', 'test', '테스트 계정', '18', 'MALE', 'false'),
    ('park', 'qwe123', '박', '18', 'MALE', 'false'),
    ('lee', 'qwer', '이', '22', 'FEMALE', 'false'),
    ('kim', 'asdf', '김', '35', 'FEMALE', 'false'),
    ('choi', '1234', '최', '43', 'MALE', 'false');

-- 상영관 2
INSERT INTO theaters (theater_name, floor, max_row, max_col)
VALUES
    ('1상영관', '1', 'G', '10'),
    ('2상영관', '2', 'E', '8');

-- 영화 3
INSERT INTO movies (title, age_cut, director, story, open_date, genre, running_time, poster_link, reservation_rate, grade)
VALUES
    ('닥터 스트레인지2', '12', '샘 레이미', '닥터 스트레인지 스토리' , '2022-05-04', 'ACTION', '126', 'https://img.cgv.co.kr/Movie/Thumbnail/Poster/000085/85715/85715_1000.jpg', '18.1', '7.5'),
    ('이미테이션 게임', '15', '모튼 틸덤', '이미테이션 게임 스토리', '2015-02-17', 'DRAMA', '114', 'https://img.cgv.co.kr/Movie/Thumbnail/Poster/000078/78092/78092_1000.jpg', '12.5', '6.0'),
    ('범죄도시1', '15', '강윤성', '범죄도시1 스토리', '2017-10-03', 'CRIME', '121', 'https://img.cgv.co.kr/Movie/Thumbnail/Poster/000085/85813/85813_1000.jpg', '10.0', '7.0'),
    ('범죄도시2', '15', '이상용', '범죄도시2 스토리', '2022-05-18', 'CRIME', '106', 'https://img.cgv.co.kr/Movie/Thumbnail/Poster/000085/85813/85813_1000.jpg', '22.3', '8.6'),
    ('악인전', '18', '이원태', '악인전 스토리', '2019-05-15', 'CRIME', '110', 'https://img.cgv.co.kr/Movie/Thumbnail/Poster/000081/81745/81745_1000.jpg', '8.0', '6.0'),
    ('나쁜 녀석들: 더 무비', '15', '손용호', '나쁜 녀석들 스토리', '2019-09-11', 'CRIME', '114', 'https://img.cgv.co.kr/Movie/Thumbnail/Poster/000082/82110/82110_1000.jpg', '3.8', '0.0'),
    ('시동', '15', '최정열', '시동 스토리', '2019-12-18', 'DRAMA', '102', 'https://img.cgv.co.kr/Movie/Thumbnail/Poster/000082/82737/82737_1000.jpg', '7.2', '7.5'),
    ('이웃사람', '18', '김휘', '이웃사람 스토리', '2012-08-22', 'THRILLER', '115', 'https://img.cgv.co.kr/Movie/Thumbnail/Poster/000076/76460/76460_1000.jpg', '5.8', '5.5'),
    ('분노의 질주: 홉스&쇼', '12', '데이빗 레이치', '분노의 질주 스토리', '2019-08-14', 'ACTION', '136', 'https://img.cgv.co.kr/Movie/Thumbnail/Poster/000082/82082/82082_1000.jpg', '9.2', '0.0'),
    ('레드 노티스', '15', '로슨 마샬 터버', '레드 노티스 스토리', '2021-11-12', 'ACTION', '115', 'https://img.cgv.co.kr/Movie/Thumbnail/Poster/000082/82082/82082_1000.jpg', '2.1', '7.0'),
    ('블러드샷', '15', '데이브 윌슨', '블러드샷 스토리', '2020-05-21', 'ACTION', '109', 'https://img.cgv.co.kr/Movie/Thumbnail/Poster/000082/82082/82082_1000.jpg', '5.5', '8.0');

-- 배우 4
INSERT INTO actors (name)
VALUES
    ('베네딕트 컴버배치'), -- 닥스, 이미테이션 게임
    ('엘리자베스 올슨'), -- 닥스
    ('키이라 나이틀리'), -- 이미테이션
    ('마동석'), -- 범죄도시1, 범죄도시2, 악인전, 나쁜 녀석들, 시동, 이웃사람
    ('윤계상'), -- 범죄도시1
    ('손석구'), -- 범죄도시2
    ('김무열'), -- 악인전
    ('김아중'), -- 나쁜 녀석들
    ('박정민'), -- 시동
    ('임하룡'), -- 이웃사람
    ('드웨인 존슨'), -- 분노의 질주, 레드 노티스
    ('빈 디젤'), -- 분노의 질주, 블러드샷
    ('라이언 레이놀즈'), -- 레드노티스
    ('에이사 곤살레스'); -- 블러드샷

-- 영화 - 배우 5
INSERT INTO movies_actors (movie_id, actor_id)
VALUES
    (1, 1), (1, 2),
    (2, 1), (2, 3),
    (3, 4), (3, 5),
    (4, 4), (4, 6),
    (5, 4), (5, 7),
    (6, 4), (6, 8),
    (7, 4), (7, 9),
    (8, 4), (8, 10),
    (9, 11), (9, 12),
    (10, 11), (10, 13),
    (11, 12), (11, 14);

-- 상영 6
INSERT INTO screens (movie_id, theater_id, start_time, end_time, price, discount_policy, discount_rate)
VALUES
    (1, 1, '2022-06-14 08:00:00', '2022-06-14 10:20:00', '8000', 'FIXED_AMOUNT', '0'), -- 1-2
    (1, 2, '2022-06-14 06:00:00', '2022-06-14 08:20:00', '8000', 'FIXED_AMOUNT', '0'), -- 2-1

    (2, 1, '2022-06-14 10:30:00', '2022-06-14 12:50:00', '8000', 'FIXED_AMOUNT', '0'), -- 1-3

    (3, 2, '2022-06-14 08:30:00', '2022-06-14 10:50:00', '8000', 'FIXED_AMOUNT', '0'), -- 2-2

    (4, 1, '2022-06-14 13:00:00', '2022-06-14 15:20:00', '8000', 'FIXED_AMOUNT', '0'), -- 1-4
    (4, 1, '2022-06-14 11:00:00', '2022-06-14 13:20:00', '8000', 'FIXED_AMOUNT', '0'), -- 2-3
    (4, 2, '2022-06-14 22:30:00', '2022-06-15 00:50:00', '8000', 'FIXED_AMOUNT', '0'), -- 2-8 *

    (5, 2, '2022-06-14 13:30:00', '2022-06-14 15:50:00', '8000', 'FIXED_AMOUNT', '0'), -- 2-4

    (7, 1, '2022-06-14 05:30:00', '2022-06-14 07:50:00', '8000', 'FIXED_AMOUNT', '0'), -- 1-1
    (7, 1, '2022-06-14 15:30:00', '2022-06-14 17:50:00', '8000', 'FIXED_AMOUNT', '0'), -- 1-5

    (8, 2, '2022-06-14 18:00:00', '2022-06-14 20:20:00', '8000', 'FIXED_AMOUNT', '0'), -- 1-6

    (9, 1, '2022-06-14 20:30:00', '2022-06-14 22:50:00', '8000', 'FIXED_AMOUNT', '0'), -- 1-7
    (9, 2, '2022-06-14 16:00:00', '2022-06-14 18:20:00', '8000', 'FIXED_AMOUNT', '0'), -- 2-5

    (10, 2, '2022-06-14 18:30:00', '2022-06-14 20:50:00', '8000', 'FIXED_AMOUNT', '0'), -- 2-6

    (11, 1, '2022-06-14 23:00:00', '2022-06-15 01:20:00', '8000', 'FIXED_AMOUNT', '0'), -- 1-8 *
    (11, 2, '2022-06-14 21:00:00', '2022-06-14 23:20:00', '8000', 'FIXED_AMOUNT', '0'); -- 2-7

---- 리뷰 7
INSERT INTO reviews(movie_id, user_id, comment, rate)
VALUES
    (1, 'park', '닥스 7점', '7'),
    (1, 'lee', '닥스 8점', '8'),

    (2, 'lee', '이미테이션 게임 6점', '6'),

    (3, 'park', '범죄도시1 7점', '7'),

    (4, 'lee', '범죄도시2 10점', '10'),
    (4, 'kim', '범죄도시2 9점', '9'),
    (4, 'choi', '범죄도시2 7점', '7'),

    (5, 'park', '악인전 6점', '6'),

    (7, 'park', '시동 8점', '8'),
    (7, 'choi', '시동 7점', '7'),

    (8, 'kim', '이웃사람 5점', '5'),
    (8, 'lee', '이웃사함 6점', '6'),

    (9, 'lee', '분노의 질주 6점', '6'),
    (9, 'choi', '분노의 질주 7점', '7'),

    (10, 'kim', '분노의 질주 7점', '7'),

    (11, 'park', '블러드샷 8점', '8');

-- 좋아요 목록 8
INSERT INTO LIKES(review_id, user_id)
VALUES
    (1, 'lee'),

    (2, 'park'),
    (2, 'kim'),

    (3, 'park'),
    (3, 'kim'),
    (3, 'choi'),

    (4, 'park'),
    (4, 'choi'),

    (5, 'kim'),

    (7, 'park');

-- 티켓 9
INSERT INTO TICKETS(user_id, screen_id)
VALUES
    ('park', 1),
    ('lee', 1),
    ('park', 2),
    ('kim', 2),
    ('choi', 5),
    ('lee', 5);

-- 좌석 10
INSERT INTO SEATS(ticket_id, screen_id, matrix_row, matrix_col, IS_RESERVED)
VALUES
    (1, 1, 'A', '1', 'true'), -- 1
    (1, 1, 'A', '2', 'true'), -- 1
    (1, 1, 'A', '3', 'true'), -- 1
    (2, 1, 'A', '4', 'true'), -- 2

    (3, 2, 'B', '1', 'true'), -- 3
    (3, 2, 'B', '2', 'true'), -- 3
    (4, 2, 'B', '3', 'true'), -- 4

    (5, 5, 'C', '1', 'true'), -- 5
    (6, 5, 'C', '2', 'true'); -- 6
